<?xml version="1.0" encoding="utf-8"?>
<selector xmlns:android="http://schemas.android.com/apk/res/android">
    <item android:state_selected="true" >
        <shape android:shape="oval">
            <stroke android:color="#FFFFFFFF" android:width="1dp" />
            <solid android:color="#FFff8800" />
        </shape>
    </item>
    <item >
        <shape android:shape="oval">
            <stroke android:color="#FFFFFFFF" android:width="1dp" />
            <solid android:color="#33000000" />
        </shape>
    </item>
</selector>