<?xml version="1.0" encoding="utf-8"?>
<resources>
    <string name="viewpager_indicator">%1$d/%2$d</string>
    <string name="filter_none">Original</string>

    <string name="filter_antique">Antique</string>

    <string name="filter_cool">Cool</string>

    <string name="filter_emerald">Emerald</string>

    <string name="filter_evergreen">Evergreen</string>

    <string name="filter_healthy">Healthy</string>

    <string name="filter_nostalgia">Nostalgia</string>

    <string name="filter_crayon">Crayon</string>
</resources>