<?xml version="1.0" encoding="utf-8"?>
<resources>
    <style parent="android:Widget" name="MySeekBar">
        <item name="android:indeterminateOnly">false</item>

        <item name="android:progressDrawable">@drawable/abc_seekbar_track_material</item>

        <item name="android:indeterminateDrawable">@drawable/abc_seekbar_track_material</item>

        <item name="android:thumb">@drawable/abc_seekbar_thumb_material</item>

        <item name="android:focusable">true</item>

        <item name="android:paddingLeft">16dip</item>

        <item name="android:paddingRight">16dip</item>

    </style>
</resources>